session_code,participant_id_in_session,participant_code,page_index,app_name,page_name,epoch_time_completed,round_number,timeout_happened,is_wait_page
74b85w35,1,il6bz4yn,0,,InitializeParticipant,1654476068,1,0,0
74b85w35,1,il6bz4yn,1,sticky_prices,Introduction,1654477304,1,0,0
zwclmeg7,1,0wsd9xh7,0,,InitializeParticipant,1654478428,1,0,0
8c8f7mji,1,juf52w26,0,,InitializeParticipant,1654485673,1,0,0
sfinrd89,1,qaii7cd5,0,,InitializeParticipant,1654486626,1,0,0
9248ahxv,1,piz41mut,0,,InitializeParticipant,1654487040,1,0,0
9248ahxv,2,3x8wcase,0,,InitializeParticipant,1654487040,1,0,0
9248ahxv,3,a4tn3n8s,0,,InitializeParticipant,1654487040,1,0,0
9248ahxv,1,piz41mut,1,sticky_prices,Introduction,1654487044,1,0,0
2cp0wu0l,1,fap17vqi,0,,InitializeParticipant,1654489788,1,0,0
cu6cp50e,1,wn40eop9,0,,InitializeParticipant,1654533374,1,0,0
e8609fgx,1,ojl346m8,0,,InitializeParticipant,1654538717,1,0,0
wrrstnyp,1,eyo2cr7r,0,,InitializeParticipant,1654539100,1,0,0
b5joxsks,1,0jv4s4gi,0,,InitializeParticipant,1654539141,1,0,0
b5joxsks,2,9oadp0w9,0,,InitializeParticipant,1654539141,1,0,0
b5joxsks,3,0sgwi2go,0,,InitializeParticipant,1654539141,1,0,0
b5joxsks,1,0jv4s4gi,1,sticky_prices,Introduction,1654539142,1,0,0
b5joxsks,1,0jv4s4gi,2,sticky_prices,Guess,1654539157,1,0,0
b5joxsks,2,9oadp0w9,1,sticky_prices,Introduction,1654539159,1,0,0
b5joxsks,2,9oadp0w9,2,sticky_prices,Guess,1654539161,1,0,0
b5joxsks,3,0sgwi2go,1,sticky_prices,Introduction,1654539162,1,0,0
b5joxsks,3,0sgwi2go,2,sticky_prices,Guess,1654539163,1,0,0
b5joxsks,1,0jv4s4gi,3,sticky_prices,ResultsWaitPage,1654539163,1,0,1
b5joxsks,2,9oadp0w9,3,sticky_prices,ResultsWaitPage,1654539163,1,0,1
b5joxsks,3,0sgwi2go,3,sticky_prices,ResultsWaitPage,1654539163,1,0,1
b5joxsks,1,0jv4s4gi,4,sticky_prices,Results,1654539165,1,0,0
jx354qrq,1,qzjous48,0,,InitializeParticipant,1654539699,1,0,0
8qjt2gaq,1,0yscqi2a,0,,InitializeParticipant,1654544742,1,0,0
8qjt2gaq,2,9dqx6c9b,0,,InitializeParticipant,1654544742,1,0,0
8qjt2gaq,3,442epzct,0,,InitializeParticipant,1654544742,1,0,0
8qjt2gaq,1,0yscqi2a,1,sticky_prices,Introduction,1654545169,1,0,0
az7iolzc,1,ool05c5g,0,,InitializeParticipant,1654545216,1,0,0
az7iolzc,2,iu1dd5cr,0,,InitializeParticipant,1654545216,1,0,0
az7iolzc,3,e3dqr9tq,0,,InitializeParticipant,1654545216,1,0,0
az7iolzc,1,ool05c5g,1,sticky_prices,Introduction,1654545217,1,0,0
az7iolzc,1,ool05c5g,2,sticky_prices,Guess,1654545219,1,0,0
az7iolzc,2,iu1dd5cr,1,sticky_prices,Introduction,1654545219,1,0,0
az7iolzc,2,iu1dd5cr,2,sticky_prices,Guess,1654545221,1,0,0
az7iolzc,3,e3dqr9tq,1,sticky_prices,Introduction,1654545222,1,0,0
az7iolzc,3,e3dqr9tq,2,sticky_prices,Guess,1654545224,1,0,0
az7iolzc,1,ool05c5g,3,sticky_prices,ResultsWaitPage,1654545224,1,0,1
az7iolzc,2,iu1dd5cr,3,sticky_prices,ResultsWaitPage,1654545224,1,0,1
az7iolzc,3,e3dqr9tq,3,sticky_prices,ResultsWaitPage,1654545224,1,0,1
az7iolzc,1,ool05c5g,4,sticky_prices,Results,1654545237,1,0,0
sojanlyz,1,yaoomm5d,0,,InitializeParticipant,1654545338,1,0,0
sojanlyz,2,6mgiaks6,0,,InitializeParticipant,1654545338,1,0,0
sojanlyz,3,snzv5avc,0,,InitializeParticipant,1654545338,1,0,0
sojanlyz,1,yaoomm5d,1,sticky_prices,Introduction,1654545339,1,0,0
sojanlyz,1,yaoomm5d,2,sticky_prices,Guess,1654545354,1,0,0
sojanlyz,2,6mgiaks6,1,sticky_prices,Introduction,1654545357,1,0,0
sojanlyz,2,6mgiaks6,2,sticky_prices,Guess,1654545360,1,0,0
sojanlyz,3,snzv5avc,1,sticky_prices,Introduction,1654545367,1,0,0
sojanlyz,3,snzv5avc,2,sticky_prices,Guess,1654545373,1,0,0
sojanlyz,1,yaoomm5d,3,sticky_prices,ResultsWaitPage,1654545373,1,0,1
sojanlyz,2,6mgiaks6,3,sticky_prices,ResultsWaitPage,1654545373,1,0,1
sojanlyz,3,snzv5avc,3,sticky_prices,ResultsWaitPage,1654545373,1,0,1
sojanlyz,1,yaoomm5d,4,sticky_prices,Results,1654545396,1,0,0
s9afpamt,1,d4lto61z,0,,InitializeParticipant,1654545519,1,0,0
uk3j7g4h,1,cl97y4e4,0,,InitializeParticipant,1654549840,1,0,0
jd2xspvf,1,ti7hunnv,0,,InitializeParticipant,1654549903,1,0,0
t5taudys,2,6m4dbpgy,0,,InitializeParticipant,1654549924,1,0,0
t5taudys,1,sid8bg4x,0,,InitializeParticipant,1654549924,1,0,0
t5taudys,3,txche5q1,0,,InitializeParticipant,1654549924,1,0,0
t5taudys,1,sid8bg4x,1,sticky_prices,Introduction,1654549925,1,0,0
t5taudys,1,sid8bg4x,2,sticky_prices,Guess,1654549927,1,0,0
t5taudys,2,6m4dbpgy,1,sticky_prices,Introduction,1654549927,1,0,0
t5taudys,2,6m4dbpgy,2,sticky_prices,Guess,1654549929,1,0,0
t5taudys,3,txche5q1,1,sticky_prices,Introduction,1654549930,1,0,0
t5taudys,3,txche5q1,2,sticky_prices,Guess,1654549931,1,0,0
t5taudys,1,sid8bg4x,3,sticky_prices,ResultsWaitPage,1654549931,1,0,1
t5taudys,2,6m4dbpgy,3,sticky_prices,ResultsWaitPage,1654549931,1,0,1
t5taudys,3,txche5q1,3,sticky_prices,ResultsWaitPage,1654549931,1,0,1
dzyru3fv,2,m5ib51ro,0,,InitializeParticipant,1654549960,1,0,0
dzyru3fv,1,vj5rfqg2,0,,InitializeParticipant,1654549960,1,0,0
dzyru3fv,3,p8dpzxx2,0,,InitializeParticipant,1654549960,1,0,0
dzyru3fv,1,vj5rfqg2,1,sticky_prices,Introduction,1654549961,1,0,0
dzyru3fv,1,vj5rfqg2,2,sticky_prices,Guess,1654549962,1,0,0
dzyru3fv,2,m5ib51ro,1,sticky_prices,Introduction,1654549963,1,0,0
dzyru3fv,2,m5ib51ro,2,sticky_prices,Guess,1654549964,1,0,0
dzyru3fv,3,p8dpzxx2,1,sticky_prices,Introduction,1654549965,1,0,0
dzyru3fv,3,p8dpzxx2,2,sticky_prices,Guess,1654549966,1,0,0
dzyru3fv,1,vj5rfqg2,3,sticky_prices,ResultsWaitPage,1654549966,1,0,1
dzyru3fv,2,m5ib51ro,3,sticky_prices,ResultsWaitPage,1654549966,1,0,1
dzyru3fv,3,p8dpzxx2,3,sticky_prices,ResultsWaitPage,1654549966,1,0,1
dzyru3fv,1,vj5rfqg2,4,sticky_prices,Results,1654549974,1,0,0
dzyru3fv,2,m5ib51ro,4,sticky_prices,Results,1654549976,1,0,0
dzyru3fv,3,p8dpzxx2,4,sticky_prices,Results,1654549977,1,0,0
dzyru3fv,1,vj5rfqg2,6,sticky_prices,Guess,1654549982,2,0,0
dzyru3fv,2,m5ib51ro,6,sticky_prices,Guess,1654549985,2,0,0
dzyru3fv,3,p8dpzxx2,6,sticky_prices,Guess,1654549988,2,0,0
dzyru3fv,1,vj5rfqg2,7,sticky_prices,ResultsWaitPage,1654549988,2,0,1
dzyru3fv,2,m5ib51ro,7,sticky_prices,ResultsWaitPage,1654549988,2,0,1
dzyru3fv,3,p8dpzxx2,7,sticky_prices,ResultsWaitPage,1654549988,2,0,1
dzyru3fv,1,vj5rfqg2,8,sticky_prices,Results,1654549996,2,0,0
bikjuspj,2,zm8gch0j,0,,InitializeParticipant,1654550600,1,0,0
bikjuspj,1,gehow7b6,0,,InitializeParticipant,1654550600,1,0,0
bikjuspj,3,p1q394z8,0,,InitializeParticipant,1654550600,1,0,0
bikjuspj,1,gehow7b6,1,sticky_prices,Introduction,1654550602,1,0,0
bikjuspj,1,gehow7b6,2,sticky_prices,Guess,1654550604,1,0,0
bikjuspj,2,zm8gch0j,1,sticky_prices,Introduction,1654550605,1,0,0
bikjuspj,2,zm8gch0j,2,sticky_prices,Guess,1654550606,1,0,0
bikjuspj,3,p1q394z8,1,sticky_prices,Introduction,1654550607,1,0,0
bikjuspj,3,p1q394z8,2,sticky_prices,Guess,1654550609,1,0,0
bikjuspj,1,gehow7b6,3,sticky_prices,ResultsWaitPage,1654550609,1,0,1
bikjuspj,2,zm8gch0j,3,sticky_prices,ResultsWaitPage,1654550609,1,0,1
bikjuspj,3,p1q394z8,3,sticky_prices,ResultsWaitPage,1654550609,1,0,1
bikjuspj,1,gehow7b6,4,sticky_prices,Results,1654550611,1,0,0
bikjuspj,1,gehow7b6,6,sticky_prices,Guess,1654550614,2,0,0
bikjuspj,2,zm8gch0j,4,sticky_prices,Results,1654550616,1,0,0
bikjuspj,2,zm8gch0j,6,sticky_prices,Guess,1654550618,2,0,0
bikjuspj,3,p1q394z8,4,sticky_prices,Results,1654550618,1,0,0
bikjuspj,3,p1q394z8,6,sticky_prices,Guess,1654550620,2,0,0
bikjuspj,1,gehow7b6,7,sticky_prices,ResultsWaitPage,1654550620,2,0,1
bikjuspj,2,zm8gch0j,7,sticky_prices,ResultsWaitPage,1654550620,2,0,1
bikjuspj,3,p1q394z8,7,sticky_prices,ResultsWaitPage,1654550620,2,0,1
bikjuspj,1,gehow7b6,8,sticky_prices,Results,1654550624,2,0,0
9wg5wqp2,1,oxz02d0b,0,,InitializeParticipant,1654550731,1,0,0
snys1h6u,1,6srjhrc1,0,,InitializeParticipant,1654558290,1,0,0
8y3ktk6r,1,x270agnt,0,,InitializeParticipant,1654562911,1,0,0
h7hw2ipm,2,a9q4symy,0,,InitializeParticipant,1654563127,1,0,0
78cyuq9o,1,5e942a2j,0,,InitializeParticipant,1654563628,1,0,0
78cyuq9o,2,qzahpx40,0,,InitializeParticipant,1654563628,1,0,0
78cyuq9o,3,sk8mlrl9,0,,InitializeParticipant,1654563628,1,0,0
78cyuq9o,1,5e942a2j,1,sticky_prices,Introduction,1654563630,1,0,0
78cyuq9o,1,5e942a2j,2,sticky_prices,Guess,1654563633,1,0,0
78cyuq9o,2,qzahpx40,1,sticky_prices,Introduction,1654563633,1,0,0
78cyuq9o,2,qzahpx40,2,sticky_prices,Guess,1654563635,1,0,0
78cyuq9o,3,sk8mlrl9,1,sticky_prices,Introduction,1654563635,1,0,0
78cyuq9o,3,sk8mlrl9,2,sticky_prices,Guess,1654563637,1,0,0
78cyuq9o,1,5e942a2j,3,sticky_prices,ResultsWaitPage,1654563637,1,0,1
78cyuq9o,2,qzahpx40,3,sticky_prices,ResultsWaitPage,1654563637,1,0,1
78cyuq9o,3,sk8mlrl9,3,sticky_prices,ResultsWaitPage,1654563637,1,0,1
78cyuq9o,1,5e942a2j,4,sticky_prices,Results,1654563720,1,0,0
78cyuq9o,1,5e942a2j,6,sticky_prices,Guess,1654563863,2,0,0
pxu4deni,2,4d0d2pzm,0,,InitializeParticipant,1654564175,1,0,0
zo2s1u7n,2,4sjrgv7o,0,,InitializeParticipant,1654564796,1,0,0
xn8y4jdj,1,3hpo48ar,0,,InitializeParticipant,1654564823,1,0,0
kotl6udv,1,he2aypro,0,,InitializeParticipant,1654565022,1,0,0
kotl6udv,2,38az5vda,0,,InitializeParticipant,1654565022,1,0,0
kotl6udv,3,divwmg7p,0,,InitializeParticipant,1654565022,1,0,0
kotl6udv,1,he2aypro,1,sticky_prices,Introduction,1654565023,1,0,0
kotl6udv,1,he2aypro,2,sticky_prices,Guess,1654565038,1,0,0
kotl6udv,2,38az5vda,1,sticky_prices,Introduction,1654565039,1,0,0
kotl6udv,2,38az5vda,2,sticky_prices,Guess,1654565041,1,0,0
kotl6udv,3,divwmg7p,1,sticky_prices,Introduction,1654565041,1,0,0
kotl6udv,3,divwmg7p,2,sticky_prices,Guess,1654565042,1,0,0
kotl6udv,1,he2aypro,3,sticky_prices,ResultsWaitPage,1654565042,1,0,1
kotl6udv,2,38az5vda,3,sticky_prices,ResultsWaitPage,1654565042,1,0,1
kotl6udv,3,divwmg7p,3,sticky_prices,ResultsWaitPage,1654565042,1,0,1
4uxgelvt,2,luthuf7s,0,,InitializeParticipant,1654565199,1,0,0
puh4inb4,1,0zbv8x7w,0,,InitializeParticipant,1654565425,1,0,0
lf5de1gz,1,vhguuhsd,0,,InitializeParticipant,1654565563,1,0,0
488oopdt,1,hz33mqa6,0,,InitializeParticipant,1654565783,1,0,0
19eb1e45,1,0sn9gw8w,0,,InitializeParticipant,1654624437,1,0,0
2lc95c4c,1,egw1hx6r,0,,InitializeParticipant,1654625251,1,0,0
1i4w98th,1,22nkutbm,0,,InitializeParticipant,1654630771,1,0,0
1i4w98th,2,fetsfw6w,0,,InitializeParticipant,1654630771,1,0,0
1i4w98th,3,ey3skred,0,,InitializeParticipant,1654630771,1,0,0
1i4w98th,1,22nkutbm,1,sticky_prices,Introduction,1654630773,1,0,0
1i4w98th,1,22nkutbm,2,sticky_prices,Guess,1654630774,1,0,0
b5iltcqo,2,l1flr7ia,0,,InitializeParticipant,1654630874,1,0,0
b5iltcqo,1,8cehcgud,0,,InitializeParticipant,1654630874,1,0,0
b5iltcqo,3,gs51l3v2,0,,InitializeParticipant,1654630874,1,0,0
b5iltcqo,1,8cehcgud,1,sticky_prices,Introduction,1654630875,1,0,0
b5iltcqo,1,8cehcgud,2,sticky_prices,Guess,1654630876,1,0,0
b5iltcqo,2,l1flr7ia,1,sticky_prices,Introduction,1654630877,1,0,0
5e16f636,2,xfmf6rv3,0,,InitializeParticipant,1654631006,1,0,0
gwtjjnwj,1,av9hfr1l,0,,InitializeParticipant,1654631121,1,0,0
b0sgkwkg,1,17w7ouu1,0,,InitializeParticipant,1654631138,1,0,0
jbjp4owf,1,jqyuo110,0,,InitializeParticipant,1654631790,1,0,0
h7pfmb7q,1,erhc2lny,0,,InitializeParticipant,1654631835,1,0,0
h7pfmb7q,2,oo75qa42,0,,InitializeParticipant,1654631835,1,0,0
h7pfmb7q,3,pdc5l2bg,0,,InitializeParticipant,1654631835,1,0,0
h7pfmb7q,1,erhc2lny,1,sticky_prices,Introduction,1654631836,1,0,0
h7pfmb7q,1,erhc2lny,2,sticky_prices,Guess,1654631837,1,0,0
h7pfmb7q,2,oo75qa42,1,sticky_prices,Introduction,1654631838,1,0,0
h7pfmb7q,2,oo75qa42,2,sticky_prices,Guess,1654631839,1,0,0
h7pfmb7q,2,oo75qa42,3,sticky_prices,Guess2,1654631840,1,0,0
h7pfmb7q,3,pdc5l2bg,1,sticky_prices,Introduction,1654631841,1,0,0
h7pfmb7q,3,pdc5l2bg,2,sticky_prices,Guess,1654631841,1,0,0
h7pfmb7q,3,pdc5l2bg,3,sticky_prices,Guess2,1654631843,1,0,0
8dv4z6z2,1,7dy6u62q,0,,InitializeParticipant,1654631881,1,0,0
8dv4z6z2,3,9sipf2dq,0,,InitializeParticipant,1654631881,1,0,0
8dv4z6z2,2,3omq4gop,0,,InitializeParticipant,1654631881,1,0,0
8dv4z6z2,1,7dy6u62q,1,sticky_prices,Introduction,1654631882,1,0,0
8dv4z6z2,1,7dy6u62q,2,sticky_prices,Guess,1654631883,1,0,0
r5mej7dw,2,n8vpagq0,0,,InitializeParticipant,1654632234,1,0,0
5mzrq9qr,1,ouyjvb0u,0,,InitializeParticipant,1654632370,1,0,0
ww1q982k,1,65xss8b5,0,,InitializeParticipant,1654632564,1,0,0
7lhwmfol,1,8vqiyz35,0,,InitializeParticipant,1654632737,1,0,0
avul3bdz,1,q20mv0xq,0,,InitializeParticipant,1654632860,1,0,0
owhk8oj4,2,8g9pz09i,0,,InitializeParticipant,1654633351,1,0,0
owhk8oj4,1,hsq1elha,0,,InitializeParticipant,1654633351,1,0,0
owhk8oj4,3,3srszhth,0,,InitializeParticipant,1654633351,1,0,0
owhk8oj4,1,hsq1elha,1,sticky_prices,Introduction,1654633352,1,0,0
sz9dwhl8,1,weqq6iwf,0,,InitializeParticipant,1654633414,1,0,0
sz9dwhl8,2,qh02tr9w,0,,InitializeParticipant,1654633414,1,0,0
sz9dwhl8,3,zn8z8sw7,0,,InitializeParticipant,1654633414,1,0,0
sz9dwhl8,1,weqq6iwf,1,sticky_prices,Introduction,1654633416,1,0,0
sz9dwhl8,1,weqq6iwf,2,sticky_prices,Guess,1654633419,1,0,0
sz9dwhl8,1,weqq6iwf,3,sticky_prices,Guess2,1654633420,1,0,0
sz9dwhl8,2,qh02tr9w,1,sticky_prices,Introduction,1654633421,1,0,0
sz9dwhl8,2,qh02tr9w,2,sticky_prices,Guess,1654633421,1,0,0
sz9dwhl8,2,qh02tr9w,3,sticky_prices,Guess2,1654633423,1,0,0
sz9dwhl8,3,zn8z8sw7,1,sticky_prices,Introduction,1654633424,1,0,0
sz9dwhl8,3,zn8z8sw7,2,sticky_prices,Guess,1654633424,1,0,0
sz9dwhl8,3,zn8z8sw7,3,sticky_prices,Guess2,1654633426,1,0,0
sz9dwhl8,1,weqq6iwf,4,sticky_prices,ResultsWaitPage,1654633426,1,0,1
sz9dwhl8,2,qh02tr9w,4,sticky_prices,ResultsWaitPage,1654633426,1,0,1
sz9dwhl8,3,zn8z8sw7,4,sticky_prices,ResultsWaitPage,1654633426,1,0,1
3jjw34by,1,4kfisits,0,,InitializeParticipant,1654637044,1,0,0
r1udgwz0,1,7vx2udde,0,,InitializeParticipant,1654715467,1,0,0
nuq6ne53,1,rq3jloal,0,,InitializeParticipant,1654715715,1,0,0
xsiaf1j9,1,bebk7ehb,0,,InitializeParticipant,1654716086,1,0,0
xsiaf1j9,3,wrhlazge,1,sticky_prices,Introduction,1654716277,1,0,0
czjwl1hr,2,6axerk9a,0,,InitializeParticipant,1654716377,1,0,0
83emn55t,1,0oymtanz,0,,InitializeParticipant,1654719189,1,0,0
6e82znxx,1,0s0guy7q,0,,InitializeParticipant,1654719288,1,0,0
yvl76zcv,1,oz1ii9jl,0,,InitializeParticipant,1654719413,1,0,0
yvl76zcv,2,biun0ys7,0,,InitializeParticipant,1654719413,1,0,0
yvl76zcv,3,83k58alw,0,,InitializeParticipant,1654719413,1,0,0
yvl76zcv,1,oz1ii9jl,1,sticky_prices,Introduction,1654719415,1,0,0
yvl76zcv,1,oz1ii9jl,2,sticky_prices,Probability,1654719468,1,0,0
yvl76zcv,2,biun0ys7,1,sticky_prices,Introduction,1654719485,1,0,0
pplhq9an,1,nf831qgx,0,,InitializeParticipant,1654719883,1,0,0
ta8nj41d,1,9z8fe5zo,0,,InitializeParticipant,1654720350,1,0,0
ta8nj41d,2,07ybrnnr,0,,InitializeParticipant,1654720350,1,0,0
ta8nj41d,3,7jgn6be9,0,,InitializeParticipant,1654720350,1,0,0
ta8nj41d,1,9z8fe5zo,1,sticky_prices,Introduction,1654720353,1,0,0
ta8nj41d,1,9z8fe5zo,2,sticky_prices,Probability,1654720361,1,0,0
ta8nj41d,1,9z8fe5zo,3,sticky_prices,Guess,1654720363,1,0,0
ta8nj41d,1,9z8fe5zo,5,sticky_prices,Expect,1654720368,1,0,0
ta8nj41d,1,9z8fe5zo,6,sticky_prices,Second_Probability,1654720445,1,0,0
ta8nj41d,1,9z8fe5zo,7,sticky_prices,Second_Guess,1654720446,1,0,0
ta8nj41d,2,07ybrnnr,1,sticky_prices,Introduction,1654720451,1,0,0
ta8nj41d,2,07ybrnnr,2,sticky_prices,Probability,1654720458,1,0,0
ta8nj41d,2,07ybrnnr,3,sticky_prices,Guess,1654720467,1,0,0
ta8nj41d,2,07ybrnnr,5,sticky_prices,Expect,1654720469,1,0,0
ta8nj41d,2,07ybrnnr,6,sticky_prices,Second_Probability,1654720471,1,0,0
ta8nj41d,3,7jgn6be9,1,sticky_prices,Introduction,1654720559,1,0,0
0fctoftk,1,idvg3y3j,0,,InitializeParticipant,1654722744,1,0,0
6qquhp9p,1,0l1jeizx,0,,InitializeParticipant,1654723038,1,0,0
l839io52,1,n21y3nnp,0,,InitializeParticipant,1654723342,1,0,0
znq74fhc,1,14wx54yp,0,,InitializeParticipant,1654723379,1,0,0
znq74fhc,2,80osljd7,1,sticky_prices,Introduction,1654723486,1,0,0
ytyf3qrb,1,w7510qru,0,,InitializeParticipant,1654729369,1,0,0
ytyf3qrb,2,hb0xl4ao,0,,InitializeParticipant,1654729369,1,0,0
ytyf3qrb,3,cwdw4vxy,0,,InitializeParticipant,1654729369,1,0,0
ytyf3qrb,1,w7510qru,1,sticky_prices,Introduction,1654729863,1,0,0
lh1hx11w,1,r5t1a6fb,0,,InitializeParticipant,1654730702,1,0,0
j7s8giuz,1,ws5tdetp,0,,InitializeParticipant,1654730868,1,0,0
q66jvpsl,1,tfvus6g7,0,,InitializeParticipant,1654731899,1,0,0
y8kr62hb,1,8ee6x108,0,,InitializeParticipant,1654732326,1,0,0
y8kr62hb,2,d7wiz1pd,0,,InitializeParticipant,1654732326,1,0,0
y8kr62hb,3,yryenuc3,0,,InitializeParticipant,1654732326,1,0,0
y8kr62hb,1,8ee6x108,1,sticky_prices,Introduction,1654732332,1,0,0
y8kr62hb,1,8ee6x108,2,sticky_prices,Probability,1654732344,1,0,0
y8kr62hb,1,8ee6x108,3,sticky_prices,Guess,1654732348,1,0,0
y8kr62hb,1,8ee6x108,4,sticky_prices,Guess2,1654732351,1,0,0
y8kr62hb,1,8ee6x108,5,sticky_prices,Expect,1654732353,1,0,0
y8kr62hb,2,d7wiz1pd,1,sticky_prices,Introduction,1654732354,1,0,0
y8kr62hb,2,d7wiz1pd,2,sticky_prices,Probability,1654732359,1,0,0
y8kr62hb,2,d7wiz1pd,3,sticky_prices,Guess,1654732360,1,0,0
y8kr62hb,2,d7wiz1pd,5,sticky_prices,Expect,1654732361,1,0,0
y8kr62hb,3,yryenuc3,1,sticky_prices,Introduction,1654732362,1,0,0
y8kr62hb,3,yryenuc3,2,sticky_prices,Probability,1654732367,1,0,0
y8kr62hb,3,yryenuc3,3,sticky_prices,Guess,1654732373,1,0,0
y8kr62hb,3,yryenuc3,4,sticky_prices,Guess2,1654732376,1,0,0
y8kr62hb,3,yryenuc3,5,sticky_prices,Expect,1654732383,1,0,0
y8kr62hb,3,yryenuc3,6,sticky_prices,Second_Probability,1654732387,1,0,0
y8kr62hb,3,yryenuc3,7,sticky_prices,Second_Guess,1654732389,1,0,0
y8kr62hb,3,yryenuc3,9,sticky_prices,Second_Expect,1654732391,1,0,0
y8kr62hb,3,yryenuc3,10,sticky_prices,Second_Probability,1654732393,1,0,0
y8kr62hb,3,yryenuc3,11,sticky_prices,Second_Guess,1654732395,1,0,0
y8kr62hb,3,yryenuc3,12,sticky_prices,Second_Guess2,1654732398,1,0,0
y8kr62hb,3,yryenuc3,13,sticky_prices,Second_Expect,1654732399,1,0,0
y8kr62hb,1,8ee6x108,46,sticky_prices,ResultsWaitPage,1654732399,1,0,1
y8kr62hb,2,d7wiz1pd,46,sticky_prices,ResultsWaitPage,1654732399,1,0,1
y8kr62hb,3,yryenuc3,46,sticky_prices,ResultsWaitPage,1654732399,1,0,1
y8kr62hb,1,8ee6x108,47,sticky_prices,Results,1654732411,1,0,0
jhohqse8,1,cvs387rc,0,,InitializeParticipant,1654732836,1,0,0
jhohqse8,3,fz20egn1,0,,InitializeParticipant,1654732836,1,0,0
jhohqse8,2,q2uurb0o,0,,InitializeParticipant,1654732836,1,0,0
jhohqse8,1,cvs387rc,1,sticky_prices,Introduction,1654732955,1,0,0
jhohqse8,1,cvs387rc,2,sticky_prices,Probability,1654732973,1,0,0
jhohqse8,1,cvs387rc,3,sticky_prices,Guess,1654732977,1,0,0
jhohqse8,1,cvs387rc,4,sticky_prices,Guess2,1654732978,1,0,0
jhohqse8,1,cvs387rc,5,sticky_prices,Expect,1654732981,1,0,0
jhohqse8,2,q2uurb0o,1,sticky_prices,Introduction,1654732982,1,0,0
jhohqse8,2,q2uurb0o,2,sticky_prices,Probability,1654732987,1,0,0
jhohqse8,2,q2uurb0o,3,sticky_prices,Guess,1654732989,1,0,0
jhohqse8,2,q2uurb0o,5,sticky_prices,Expect,1654732992,1,0,0
jhohqse8,3,fz20egn1,1,sticky_prices,Introduction,1654732993,1,0,0
jhohqse8,3,fz20egn1,2,sticky_prices,Probability,1654732997,1,0,0
jhohqse8,3,fz20egn1,3,sticky_prices,Guess,1654733001,1,0,0
jhohqse8,3,fz20egn1,4,sticky_prices,Guess2,1654733002,1,0,0
jhohqse8,3,fz20egn1,5,sticky_prices,Expect,1654733003,1,0,0
jhohqse8,3,fz20egn1,6,sticky_prices,Second_Probability,1654733005,1,0,0
jhohqse8,3,fz20egn1,7,sticky_prices,Second_Guess,1654733007,1,0,0
jhohqse8,3,fz20egn1,8,sticky_prices,Second_Guess2,1654733009,1,0,0
jhohqse8,3,fz20egn1,9,sticky_prices,Second_Expect,1654733010,1,0,0
jhohqse8,3,fz20egn1,10,sticky_prices,Second_Probability,1654733012,1,0,0
jhohqse8,3,fz20egn1,11,sticky_prices,Second_Guess,1654733016,1,0,0
jhohqse8,3,fz20egn1,12,sticky_prices,Second_Guess2,1654733017,1,0,0
jhohqse8,3,fz20egn1,13,sticky_prices,Second_Expect,1654733017,1,0,0
jhohqse8,1,cvs387rc,46,sticky_prices,ResultsWaitPage,1654733017,1,0,1
jhohqse8,2,q2uurb0o,46,sticky_prices,ResultsWaitPage,1654733017,1,0,1
jhohqse8,3,fz20egn1,46,sticky_prices,ResultsWaitPage,1654733017,1,0,1
jhohqse8,1,cvs387rc,47,sticky_prices,Results,1654733087,1,0,0
jhohqse8,1,cvs387rc,49,sticky_prices,Probability,1654733114,2,0,0
jhohqse8,2,q2uurb0o,47,sticky_prices,Results,1654733252,1,0,0
jhohqse8,2,q2uurb0o,49,sticky_prices,Probability,1654733257,2,0,0
jhohqse8,2,q2uurb0o,50,sticky_prices,Guess,1654733266,2,0,0
jhohqse8,2,q2uurb0o,52,sticky_prices,Expect,1654733276,2,0,0
jhohqse8,2,q2uurb0o,53,sticky_prices,Second_Probability,1654733278,2,0,0
jhohqse8,2,q2uurb0o,54,sticky_prices,Second_Guess,1654733288,2,0,0
jhohqse8,1,cvs387rc,50,sticky_prices,Guess,1654733572,2,0,0
uq6m1ifw,1,uefcsk0c,0,,InitializeParticipant,1654735140,1,0,0
saxslvn4,1,gpvulhac,0,,InitializeParticipant,1654882669,1,0,0
6sksd6n8,1,vo031cvu,0,,InitializeParticipant,1654882787,1,0,0
os6fnhcq,1,ecuv38yf,0,,InitializeParticipant,1654882960,1,0,0
z12mq4r4,1,xwud4km5,3,sticky_prices,Guess,1654883064,1,0,0
z12mq4r4,1,xwud4km5,5,sticky_prices,Expect,1654883105,1,0,0
0say3q1z,1,zk6z78ju,0,,InitializeParticipant,1654883521,1,0,0
0say3q1z,1,zk6z78ju,1,sticky_prices,Introduction,1654883525,1,0,0
0say3q1z,1,zk6z78ju,2,sticky_prices,Probability,1654883530,1,0,0
0say3q1z,1,zk6z78ju,3,sticky_prices,Guess,1654883533,1,0,0
0say3q1z,1,zk6z78ju,4,sticky_prices,Guess2,1654883535,1,0,0
0say3q1z,1,zk6z78ju,5,sticky_prices,Expect,1654883553,1,0,0
0say3q1z,1,zk6z78ju,46,sticky_prices,ResultsWaitPage,1654883554,1,0,1
0say3q1z,1,zk6z78ju,47,sticky_prices,Results,1654883629,1,0,0
0say3q1z,1,zk6z78ju,49,sticky_prices,Probability,1654883638,2,0,0
0say3q1z,1,zk6z78ju,50,sticky_prices,Guess,1654883682,2,0,0
8a6vi510,1,21ip60gk,0,,InitializeParticipant,1654884067,1,0,0
u5qw1qtc,1,t74u4ihd,0,,InitializeParticipant,1654884218,1,0,0
hoaik5e7,1,kulsdizy,0,,InitializeParticipant,1654884823,1,0,0
e74ngdzt,1,luhg41g9,0,,InitializeParticipant,1654886060,1,0,0
aztxmag1,1,n6y3b1hd,0,,InitializeParticipant,1654886181,1,0,0
aztxmag1,1,n6y3b1hd,1,sticky_prices,Introduction,1654886182,1,0,0
aztxmag1,1,n6y3b1hd,2,sticky_prices,Probability,1654886186,1,0,0
aztxmag1,1,n6y3b1hd,3,sticky_prices,Guess,1654886196,1,0,0
aztxmag1,1,n6y3b1hd,5,sticky_prices,Expect,1654886196,1,0,0
aztxmag1,1,n6y3b1hd,46,sticky_prices,ResultsWaitPage,1654886196,1,0,1
aztxmag1,1,n6y3b1hd,47,sticky_prices,Results,1654886198,1,0,0
aztxmag1,1,n6y3b1hd,49,sticky_prices,Probability,1654886203,2,0,0
aztxmag1,1,n6y3b1hd,50,sticky_prices,Guess,1654886204,2,0,0
aztxmag1,1,n6y3b1hd,52,sticky_prices,Expect,1654886205,2,0,0
aztxmag1,1,n6y3b1hd,93,sticky_prices,ResultsWaitPage,1654886205,2,0,1
aztxmag1,1,n6y3b1hd,94,sticky_prices,Results,1654886214,2,0,0
aztxmag1,1,n6y3b1hd,96,sticky_prices,Probability,1654886292,3,0,0
aztxmag1,1,n6y3b1hd,97,sticky_prices,Guess,1654886297,3,0,0
aztxmag1,1,n6y3b1hd,99,sticky_prices,Expect,1654886300,3,0,0
aztxmag1,1,n6y3b1hd,140,sticky_prices,ResultsWaitPage,1654886300,3,0,1
aztxmag1,1,n6y3b1hd,141,sticky_prices,Results,1654886304,3,0,0
bgrwr08m,1,my9ud6fj,0,,InitializeParticipant,1654886712,1,0,0
vo73212j,1,ijw0f8qy,0,,InitializeParticipant,1654886740,1,0,0
hf3xcfdt,1,1q5gcebx,0,,InitializeParticipant,1654886986,1,0,0
upikjtxh,1,vg34xvvf,0,,InitializeParticipant,1654891066,1,0,0
upikjtxh,1,vg34xvvf,1,sticky_prices,Introduction,1654891090,1,0,0
upikjtxh,1,vg34xvvf,2,sticky_prices,Probability,1654891201,1,0,0
upikjtxh,1,vg34xvvf,3,sticky_prices,Guess,1654891203,1,0,0
upikjtxh,1,vg34xvvf,4,sticky_prices,Guess2,1654891274,1,0,0
upikjtxh,1,vg34xvvf,5,sticky_prices,Expect,1654891277,1,0,0
upikjtxh,2,556gy8tc,0,,InitializeParticipant,1654891314,1,0,0
upikjtxh,2,556gy8tc,1,sticky_prices,Introduction,1654891315,1,0,0
upikjtxh,2,556gy8tc,2,sticky_prices,Probability,1654891320,1,0,0
upikjtxh,2,556gy8tc,3,sticky_prices,Guess,1654891321,1,0,0
upikjtxh,2,556gy8tc,5,sticky_prices,Expect,1654891322,1,0,0
upikjtxh,1,vg34xvvf,46,sticky_prices,ResultsWaitPage,1654891322,1,0,1
upikjtxh,2,556gy8tc,46,sticky_prices,ResultsWaitPage,1654891322,1,0,1
upikjtxh,1,vg34xvvf,47,sticky_prices,Results,1654905352,1,0,0
g7c2n9ta,2,1hky16vo,0,,InitializeParticipant,1654918449,1,0,0
dfph9vq1,1,o3nevn3w,0,,InitializeParticipant,1654964765,1,0,0
jfgr49bm,1,ncaavg3s,0,,InitializeParticipant,1654964957,1,0,0
v03g6g6p,1,fo89l4nb,0,,InitializeParticipant,1654965019,1,0,0
97wrg7n9,1,md39oyzz,0,,InitializeParticipant,1654965223,1,0,0
97wrg7n9,1,md39oyzz,1,sticky_prices,Introduction,1654965226,1,0,0
lo46sh1q,1,cxoq86hl,0,,InitializeParticipant,1654965410,1,0,0
v34g2pmu,1,g7ydvlc4,0,,InitializeParticipant,1654966307,1,0,0
9p11rkrm,1,ii4gcu43,0,,InitializeParticipant,1654966390,1,0,0
9p11rkrm,1,ii4gcu43,1,sticky_prices,Introduction,1654967115,1,0,0
9p11rkrm,1,ii4gcu43,2,sticky_prices,Probability,1654967118,1,0,0
9p11rkrm,1,ii4gcu43,3,sticky_prices,Guess,1654967119,1,0,0
9p11rkrm,1,ii4gcu43,5,sticky_prices,Expect,1654967123,1,0,0
9p11rkrm,2,qp1822h9,0,,InitializeParticipant,1654967125,1,0,0
9p11rkrm,2,qp1822h9,1,sticky_prices,Introduction,1654967126,1,0,0
9p11rkrm,2,qp1822h9,2,sticky_prices,Probability,1654967129,1,0,0
9p11rkrm,2,qp1822h9,3,sticky_prices,Guess,1654967129,1,0,0
9p11rkrm,2,qp1822h9,5,sticky_prices,Expect,1654967130,1,0,0
9p11rkrm,1,ii4gcu43,46,sticky_prices,ResultsWaitPage,1654967130,1,0,1
9p11rkrm,2,qp1822h9,46,sticky_prices,ResultsWaitPage,1654967130,1,0,1
xryfd0od,1,zee6tp3l,0,,InitializeParticipant,1654967847,1,0,0
ylujckjc,1,omkp25on,1,sticky_prices,Introduction,1654977074,1,0,0
qkdbs7ei,1,vbh3znq9,0,,InitializeParticipant,1654982159,1,0,0
qkdbs7ei,2,lqhel50g,0,,InitializeParticipant,1654982159,1,0,0
jephubq8,1,f9rmzfpb,0,,InitializeParticipant,1654982164,1,0,0
jephubq8,1,f9rmzfpb,1,sticky_prices,Introduction,1654982170,1,0,0
jephubq8,1,f9rmzfpb,2,sticky_prices,Probability,1654982172,1,0,0
jephubq8,1,f9rmzfpb,3,sticky_prices,Guess,1654982173,1,0,0
ogeahgg1,1,jdyqbty3,0,,InitializeParticipant,1654982364,1,0,0
fik3dzn7,1,g7hpiece,0,,InitializeParticipant,1654982559,1,0,0
fik3dzn7,1,g7hpiece,5,sticky_prices,Expect,1654982718,1,0,0
fik3dzn7,2,bn15i9ke,0,,InitializeParticipant,1654982875,1,0,0
i0cf1hdz,1,tfv10w49,0,,InitializeParticipant,1654982883,1,0,0
i0cf1hdz,1,tfv10w49,1,sticky_prices,Introduction,1654982886,1,0,0
i0cf1hdz,1,tfv10w49,2,sticky_prices,Probability,1654982888,1,0,0
i0cf1hdz,1,tfv10w49,3,sticky_prices,Guess,1654982891,1,0,0
i0cf1hdz,1,tfv10w49,4,sticky_prices,Guess2,1654982893,1,0,0
3c83doq8,1,tbqlf3ou,0,,InitializeParticipant,1654982913,1,0,0
3c83doq8,1,tbqlf3ou,1,sticky_prices,Introduction,1654982915,1,0,0
3c83doq8,1,tbqlf3ou,2,sticky_prices,Probability,1654982918,1,0,0
3c83doq8,1,tbqlf3ou,3,sticky_prices,Guess,1654982919,1,0,0
3c83doq8,1,tbqlf3ou,4,sticky_prices,Guess2,1654982920,1,0,0
3c83doq8,1,tbqlf3ou,5,sticky_prices,Expect,1654982929,1,0,0
3c83doq8,1,tbqlf3ou,6,sticky_prices,Second_Probability,1654982931,1,0,0
3c83doq8,1,tbqlf3ou,7,sticky_prices,Second_Guess,1654982932,1,0,0
3c83doq8,1,tbqlf3ou,8,sticky_prices,Second_Guess2,1654982933,1,0,0
3c83doq8,1,tbqlf3ou,9,sticky_prices,Second_Expect,1654982935,1,0,0
3c83doq8,2,jm5nuz1s,0,,InitializeParticipant,1654982937,1,0,0
3c83doq8,2,jm5nuz1s,1,sticky_prices,Introduction,1654982940,1,0,0
3c83doq8,2,jm5nuz1s,2,sticky_prices,Probability,1654982944,1,0,0
3c83doq8,2,jm5nuz1s,3,sticky_prices,Guess,1654982946,1,0,0
3c83doq8,2,jm5nuz1s,5,sticky_prices,Expect,1654982983,1,0,0
3c83doq8,1,tbqlf3ou,46,sticky_prices,ResultsWaitPage,1654982983,1,0,1
3c83doq8,2,jm5nuz1s,46,sticky_prices,ResultsWaitPage,1654982983,1,0,1
3c83doq8,1,tbqlf3ou,47,sticky_prices,Results,1654983283,1,0,0
3c83doq8,1,tbqlf3ou,49,sticky_prices,Probability,1654983288,2,0,0
3c83doq8,1,tbqlf3ou,50,sticky_prices,Guess,1654983289,2,0,0
3c83doq8,1,tbqlf3ou,52,sticky_prices,Expect,1654983305,2,0,0
3c83doq8,1,tbqlf3ou,53,sticky_prices,Second_Probability,1654983306,2,0,0
s3cg6ohe,1,x6b22i41,0,,InitializeParticipant,1654983312,1,0,0
s3cg6ohe,1,x6b22i41,1,sticky_prices,Introduction,1654983317,1,0,0
s3cg6ohe,1,x6b22i41,2,sticky_prices,Probability,1654983319,1,0,0
s3cg6ohe,1,x6b22i41,3,sticky_prices,Guess,1654983321,1,0,0
s3cg6ohe,1,x6b22i41,5,sticky_prices,Expect,1654983371,1,0,0
s3cg6ohe,1,x6b22i41,6,sticky_prices,Second_Probability,1654983372,1,0,0
s3cg6ohe,1,x6b22i41,7,sticky_prices,Second_Guess,1654983373,1,0,0
s3cg6ohe,1,x6b22i41,8,sticky_prices,Second_Guess2,1654983374,1,0,0
s3cg6ohe,1,x6b22i41,9,sticky_prices,Second_Expect,1654983507,1,0,0
sh2uiojh,1,nbwp2m32,0,,InitializeParticipant,1654993626,1,0,0
sh2uiojh,1,nbwp2m32,4,sticky_prices,Guess2,1654994439,1,0,0
sh2uiojh,1,nbwp2m32,5,sticky_prices,Expect,1654994442,1,0,0
sh2uiojh,1,nbwp2m32,6,sticky_prices,Second_Probability,1654994443,1,0,0
sh2uiojh,1,nbwp2m32,7,sticky_prices,Second_Guess,1654994444,1,0,0
uma0bk9z,1,zvuu0se2,0,,InitializeParticipant,1654994453,1,0,0
uma0bk9z,1,zvuu0se2,1,sticky_prices,Introduction,1654994455,1,0,0
uma0bk9z,1,zvuu0se2,2,sticky_prices,Probability,1654994458,1,0,0
uma0bk9z,1,zvuu0se2,3,sticky_prices,Guess,1654994460,1,0,0
uma0bk9z,1,zvuu0se2,4,sticky_prices,Guess2,1654994470,1,0,0
uma0bk9z,1,zvuu0se2,5,sticky_prices,Expect,1654994649,1,0,0
uma0bk9z,1,zvuu0se2,6,sticky_prices,Second_Probability,1654994652,1,0,0
uma0bk9z,1,zvuu0se2,7,sticky_prices,Second_Guess,1654994653,1,0,0
uma0bk9z,1,zvuu0se2,8,sticky_prices,Second_Guess2,1654994661,1,0,0
uma0bk9z,1,zvuu0se2,9,sticky_prices,Second_Expect,1654994667,1,0,0
uma0bk9z,1,zvuu0se2,10,sticky_prices,Second_Probability,1654994668,1,0,0
uma0bk9z,1,zvuu0se2,11,sticky_prices,Second_Guess,1654994669,1,0,0
uma0bk9z,1,zvuu0se2,13,sticky_prices,Second_Expect,1654994670,1,0,0
izdyyocv,1,tijaxtq8,0,,InitializeParticipant,1654994751,1,0,0
izdyyocv,1,tijaxtq8,1,sticky_prices,Introduction,1654994757,1,0,0
izdyyocv,1,tijaxtq8,2,sticky_prices,Probability,1654994761,1,0,0
izdyyocv,1,tijaxtq8,3,sticky_prices,Guess,1654994762,1,0,0
izdyyocv,1,tijaxtq8,5,sticky_prices,Expect,1654994764,1,0,0
izdyyocv,1,tijaxtq8,6,sticky_prices,Second_Probability,1654994765,1,0,0
izdyyocv,1,tijaxtq8,7,sticky_prices,Second_Guess,1654994765,1,0,0
izdyyocv,1,tijaxtq8,8,sticky_prices,Second_Guess2,1654994776,1,0,0
izdyyocv,1,tijaxtq8,9,sticky_prices,Second_Expect,1654994784,1,0,0
izdyyocv,1,tijaxtq8,10,sticky_prices,Second_Probability,1654994786,1,0,0
izdyyocv,1,tijaxtq8,11,sticky_prices,Second_Guess,1654994972,1,0,0
z3rljkwa,1,lwhtegma,0,,InitializeParticipant,1654995259,1,0,0
z3rljkwa,1,lwhtegma,1,sticky_prices,Introduction,1654997715,1,0,0
z3rljkwa,1,lwhtegma,2,sticky_prices,Probability,1654997719,1,0,0
z3rljkwa,1,lwhtegma,3,sticky_prices,Guess,1654997723,1,0,0
z3rljkwa,1,lwhtegma,4,sticky_prices,Guess2,1654997727,1,0,0
z3rljkwa,1,lwhtegma,5,sticky_prices,Expect,1654997729,1,0,0
z3rljkwa,1,lwhtegma,6,sticky_prices,Second_Probability,1654997867,1,0,0
z3rljkwa,1,lwhtegma,7,sticky_prices,Second_Guess,1654997869,1,0,0
z3rljkwa,1,lwhtegma,9,sticky_prices,Second_Expect,1654997876,1,0,0
z3rljkwa,1,lwhtegma,46,sticky_prices,ResultsWaitPage,1654997876,1,0,1
z3rljkwa,1,lwhtegma,47,sticky_prices,Results,1654997879,1,0,0
u7ezil30,1,5k5zww2g,0,,InitializeParticipant,1655001185,1,0,0
u7ezil30,1,5k5zww2g,1,sticky_prices,Introduction,1655001188,1,0,0
u7ezil30,1,5k5zww2g,2,sticky_prices,Probability,1655001190,1,0,0
u7ezil30,1,5k5zww2g,3,sticky_prices,Guess,1655001192,1,0,0
u7ezil30,1,5k5zww2g,4,sticky_prices,Guess2,1655002462,1,0,0
u7ezil30,1,5k5zww2g,5,sticky_prices,Expect,1655002469,1,0,0
u7ezil30,1,5k5zww2g,6,sticky_prices,Second_Probability,1655003200,1,0,0
yr8dm0rx,1,ddanqcy6,0,,InitializeParticipant,1655054040,1,0,0
sfj6guyf,1,xosphmqn,0,,InitializeParticipant,1655054092,1,0,0
n5pipd5q,1,cgn2fq9b,0,,InitializeParticipant,1655054570,1,0,0
n5pipd5q,1,cgn2fq9b,1,sticky_prices,Introduction,1655054573,1,0,0
n5pipd5q,1,cgn2fq9b,2,sticky_prices,Probability,1655054576,1,0,0
n5pipd5q,1,cgn2fq9b,3,sticky_prices,SetPrice,1655054578,1,0,0
n5pipd5q,1,cgn2fq9b,4,sticky_prices,Expect,1655054580,1,0,0
0ntgtsta,1,ner89848,0,,InitializeParticipant,1655054765,1,0,0
mvslpbg3,1,4oxqimwt,0,,InitializeParticipant,1655058541,1,0,0
mxzsbaz3,1,zv4000xp,0,,InitializeParticipant,1655058729,1,0,0
twre3a8w,1,eh92prtq,0,,InitializeParticipant,1655058959,1,0,0
pzinab5p,1,8st7qz4r,0,,InitializeParticipant,1655059080,1,0,0
pzinab5p,1,8st7qz4r,1,sticky_prices,Introduction,1655059082,1,0,0
pzinab5p,1,8st7qz4r,2,sticky_prices,Probability,1655059085,1,0,0
pzinab5p,1,8st7qz4r,3,sticky_prices,SetPrice,1655059087,1,0,0
pzinab5p,1,8st7qz4r,4,sticky_prices,Expect,1655059088,1,0,0
pzinab5p,1,8st7qz4r,5,sticky_prices,SecondProbability,1655059090,1,0,0
pzinab5p,1,8st7qz4r,6,sticky_prices,SecondSetPrice,1655059091,1,0,0
pzinab5p,1,8st7qz4r,7,sticky_prices,SecondExpect,1655059092,1,0,0
pzinab5p,1,8st7qz4r,8,sticky_prices,SecondProbability,1655059093,1,0,0
pzinab5p,1,8st7qz4r,9,sticky_prices,SecondSetPrice,1655059095,1,0,0
pzinab5p,1,8st7qz4r,10,sticky_prices,SecondExpect,1655059165,1,0,0
pzinab5p,1,8st7qz4r,11,sticky_prices,SecondProbability,1655059167,1,0,0
pzinab5p,1,8st7qz4r,12,sticky_prices,SecondSetPrice,1655059169,1,0,0
y6cwc1z1,1,z00hvb8v,0,,InitializeParticipant,1655059253,1,0,0
y6cwc1z1,1,z00hvb8v,1,sticky_prices,Introduction,1655059255,1,0,0
y6cwc1z1,1,z00hvb8v,2,sticky_prices,Probability,1655059258,1,0,0
y6cwc1z1,1,z00hvb8v,3,sticky_prices,SetPrice,1655059260,1,0,0
y6cwc1z1,1,z00hvb8v,4,sticky_prices,Expect,1655059263,1,0,0
y6cwc1z1,1,z00hvb8v,5,sticky_prices,SecondProbability,1655059264,1,0,0
y6cwc1z1,1,z00hvb8v,6,sticky_prices,SecondSetPrice,1655059265,1,0,0
7f621hm0,2,4vuknn3t,0,,InitializeParticipant,1655059429,1,0,0
7f621hm0,2,4vuknn3t,1,sticky_prices,Introduction,1655059432,1,0,0
7f621hm0,2,4vuknn3t,2,sticky_prices,Probability,1655059468,1,0,0
7f621hm0,2,4vuknn3t,3,sticky_prices,SetPrice,1655059470,1,0,0
7f621hm0,2,4vuknn3t,4,sticky_prices,Expect,1655059552,1,0,0
7f621hm0,2,4vuknn3t,5,sticky_prices,SecondProbability,1655059816,1,0,0
7f621hm0,2,4vuknn3t,6,sticky_prices,SecondSetPrice,1655059818,1,0,0
7f621hm0,2,4vuknn3t,7,sticky_prices,SecondExpect,1655059823,1,0,0
7f621hm0,2,4vuknn3t,8,sticky_prices,SecondProbability,1655059856,1,0,0
7f621hm0,2,4vuknn3t,9,sticky_prices,SecondSetPrice,1655059857,1,0,0
ylbg7k8p,1,dicqjmij,0,,InitializeParticipant,1655059990,1,0,0
nwfkuesb,1,1lu7zxuu,0,,InitializeParticipant,1655060104,1,0,0
nwfkuesb,1,1lu7zxuu,1,sticky_prices,Introduction,1655060106,1,0,0
nwfkuesb,1,1lu7zxuu,2,sticky_prices,Probability,1655060109,1,0,0
nwfkuesb,1,1lu7zxuu,3,sticky_prices,SetPrice,1655060111,1,0,0
nwfkuesb,2,i6dtqfoz,0,,InitializeParticipant,1655060282,1,0,0
fkq8fjv0,1,pag5lzih,0,,InitializeParticipant,1655060285,1,0,0
fkq8fjv0,1,pag5lzih,1,sticky_prices,Introduction,1655060287,1,0,0
fkq8fjv0,1,pag5lzih,2,sticky_prices,Probability,1655060290,1,0,0
fkq8fjv0,1,pag5lzih,3,sticky_prices,SetPrice,1655060291,1,0,0
fkq8fjv0,2,v82yw5pi,0,,InitializeParticipant,1655061484,1,0,0
cd7opygs,1,cnpbau3v,0,,InitializeParticipant,1655130348,1,0,0
cd7opygs,1,cnpbau3v,1,sticky_prices,Introduction,1655130427,1,0,0
cd7opygs,1,cnpbau3v,2,sticky_prices,Probability,1655138311,1,0,0
cd7opygs,1,cnpbau3v,3,sticky_prices,SetPrice,1655139160,1,0,0
sgkl81gc,1,m0u9exta,0,,InitializeParticipant,1655139537,1,0,0
sgkl81gc,1,m0u9exta,1,sticky_prices,Introduction,1655139539,1,0,0
sgkl81gc,1,m0u9exta,2,sticky_prices,Probability,1655139541,1,0,0
sgkl81gc,1,m0u9exta,3,sticky_prices,SetPrice,1655153748,1,0,0
pqopg6n3,1,9xt5t0i8,0,,InitializeParticipant,1655153998,1,0,0
pqopg6n3,1,9xt5t0i8,1,sticky_prices,Introduction,1655154000,1,0,0
pqopg6n3,1,9xt5t0i8,2,sticky_prices,Probability,1655154002,1,0,0
pqopg6n3,1,9xt5t0i8,3,sticky_prices,SetPrice,1655156306,1,0,0
pqopg6n3,2,q3tiint8,0,,InitializeParticipant,1655156467,1,0,0
98hnjmg9,1,qswbhi5p,0,,InitializeParticipant,1655157276,1,0,0
98hnjmg9,2,66lkbcby,36,sticky_prices,Results,1655157768,1,0,0
98hnjmg9,2,66lkbcby,38,sticky_prices,Probability,1655157770,2,0,0
98hnjmg9,1,qswbhi5p,38,sticky_prices,Probability,1655157823,2,0,0
98hnjmg9,2,66lkbcby,39,sticky_prices,SetPrice,1655157834,2,0,0
98hnjmg9,2,66lkbcby,40,sticky_prices,Expect,1655157845,2,0,0
98hnjmg9,1,qswbhi5p,39,sticky_prices,SetPrice,1655157848,2,0,0
98hnjmg9,1,qswbhi5p,40,sticky_prices,Expect,1655157849,2,0,0
98hnjmg9,1,qswbhi5p,71,sticky_prices,ResultsWaitPage,1655157849,2,0,1
98hnjmg9,2,66lkbcby,71,sticky_prices,ResultsWaitPage,1655157849,2,0,1
98hnjmg9,1,qswbhi5p,72,sticky_prices,Results,1655158266,2,0,0
98hnjmg9,2,66lkbcby,72,sticky_prices,Results,1655158267,2,0,0
trkjgazy,1,tmyeq213,0,,InitializeParticipant,1655160466,1,0,0
trkjgazy,1,tmyeq213,1,sticky_prices,Introduction,1655160469,1,0,0
trkjgazy,1,tmyeq213,2,sticky_prices,Probability,1655160471,1,0,0
trkjgazy,1,tmyeq213,3,sticky_prices,SetPrice,1655160528,1,0,0
trkjgazy,2,r775e6k7,0,,InitializeParticipant,1655160530,1,0,0
trkjgazy,2,r775e6k7,1,sticky_prices,Introduction,1655160532,1,0,0
trkjgazy,2,r775e6k7,2,sticky_prices,Probability,1655160534,1,0,0
35hoefhn,1,3gayalho,0,,InitializeParticipant,1655160848,1,0,0
35hoefhn,2,5a07qg9i,0,,InitializeParticipant,1655160939,1,0,0
aoadhnr6,1,vtwtbjen,0,,InitializeParticipant,1655167424,1,0,0
ldxpln7o,1,1z1qrb3m,0,,InitializeParticipant,1655240781,1,0,0
ldxpln7o,1,1z1qrb3m,1,sticky_prices,Introduction,1655240784,1,0,0
ldxpln7o,1,1z1qrb3m,2,sticky_prices,Probability,1655240786,1,0,0
ldxpln7o,1,1z1qrb3m,3,sticky_prices,SetPrice,1655241126,1,0,0
0qzxtzll,1,9tznsz49,0,,InitializeParticipant,1655241606,1,0,0
bto11ehj,1,edq9pflu,0,,InitializeParticipant,1655243546,1,0,0
6i62pxyn,1,htig7ep5,0,,InitializeParticipant,1655244808,1,0,0
2uk8flh1,1,rb3s8lmb,0,,InitializeParticipant,1655245472,1,0,0
2uk8flh1,1,rb3s8lmb,1,sticky_prices,Introduction,1655245541,1,0,0
2uk8flh1,1,rb3s8lmb,2,sticky_prices,SetPrice,1655245547,1,0,0
2uk8flh1,2,tyiicjw6,0,,InitializeParticipant,1655245549,1,0,0
2uk8flh1,2,tyiicjw6,1,sticky_prices,Introduction,1655245552,1,0,0
2uk8flh1,2,tyiicjw6,2,sticky_prices,SetPrice,1655245564,1,0,0
2uk8flh1,1,rb3s8lmb,3,sticky_prices,ResultsWaitPage,1655245564,1,0,1
2uk8flh1,2,tyiicjw6,3,sticky_prices,ResultsWaitPage,1655245564,1,0,1
1qhz0kud,1,haz4tc2g,0,,InitializeParticipant,1655253061,1,0,0
1qhz0kud,1,haz4tc2g,1,sticky_prices,Introduction,1655253063,1,0,0
1qhz0kud,1,haz4tc2g,2,sticky_prices,SetPrice,1655253079,1,0,0
1qhz0kud,2,s18brgmc,0,,InitializeParticipant,1655253097,1,0,0
1qhz0kud,2,s18brgmc,1,sticky_prices,Introduction,1655253099,1,0,0
v07ta7th,1,353z4u3z,0,,InitializeParticipant,1655253763,1,0,0
v07ta7th,1,353z4u3z,1,sticky_prices,Introduction,1655253765,1,0,0
0vs3p2yt,1,4evf7upc,0,,InitializeParticipant,1655254337,1,0,0
2ekgpd8t,1,onyrghqp,0,,InitializeParticipant,1655260700,1,0,0
2ekgpd8t,1,onyrghqp,1,sticky_prices,Introduction,1655260702,1,0,0
2ekgpd8t,2,s1tsvhxe,0,,InitializeParticipant,1655260942,1,0,0
2ekgpd8t,2,s1tsvhxe,1,sticky_prices,Introduction,1655260944,1,0,0
2ekgpd8t,2,s1tsvhxe,2,sticky_prices,SetPrice,1655261117,1,0,0
xtphbghi,1,eaz9qf9d,0,,InitializeParticipant,1655261771,1,0,0
hf0k13ic,1,kugw6sgp,0,,InitializeParticipant,1655262002,1,0,0
tdklyfa9,1,l7558ew2,0,,InitializeParticipant,1655303612,1,0,0
yah7hyni,1,dqvh1dad,0,,InitializeParticipant,1655305030,1,0,0
yah7hyni,1,dqvh1dad,4,sticky_prices,Results,1655305911,1,0,0
yah7hyni,1,dqvh1dad,7,sticky_prices,SetPrice,1655306240,2,1,0
gt37w9d7,1,seae9yt9,0,,InitializeParticipant,1655306403,1,0,0
gt37w9d7,1,seae9yt9,1,sticky_prices,Introduction,1655306406,1,0,0
gt37w9d7,1,seae9yt9,2,sticky_prices,SetPrice,1655307145,1,0,0
gt37w9d7,2,o9nbekp4,0,,InitializeParticipant,1655307147,1,0,0
gt37w9d7,2,o9nbekp4,1,sticky_prices,Introduction,1655307149,1,0,0
gt37w9d7,2,o9nbekp4,2,sticky_prices,SetPrice,1655308949,1,1,0
gt37w9d7,1,seae9yt9,3,sticky_prices,ResultsWaitPage,1655308949,1,0,1
gt37w9d7,2,o9nbekp4,3,sticky_prices,ResultsWaitPage,1655308949,1,0,1
gt37w9d7,2,o9nbekp4,4,sticky_prices,Results,1655315741,1,0,0
umnxumwh,1,tittsl0a,0,,InitializeParticipant,1655316769,1,0,0
umnxumwh,1,tittsl0a,1,sticky_prices,Introduction,1655316771,1,0,0
tgf5mx77,1,e1p9fy32,0,,InitializeParticipant,1655317245,1,0,0
tgf5mx77,1,e1p9fy32,2,sticky_prices,SetPrice,1655317920,1,0,0
tgf5mx77,2,dlt80cly,0,,InitializeParticipant,1655317922,1,0,0
tgf5mx77,2,dlt80cly,1,sticky_prices,Introduction,1655317924,1,0,0
tgf5mx77,2,dlt80cly,2,sticky_prices,SetPrice,1655318254,1,0,0
tgf5mx77,1,e1p9fy32,3,sticky_prices,ResultsWaitPage,1655318254,1,0,1
tgf5mx77,2,dlt80cly,3,sticky_prices,ResultsWaitPage,1655318254,1,0,1
tgf5mx77,2,dlt80cly,4,sticky_prices,Results,1655318257,1,0,0
tgf5mx77,2,dlt80cly,7,sticky_prices,SetPrice,1655319432,2,0,0
tgf5mx77,1,e1p9fy32,7,sticky_prices,SetPrice,1655321247,2,1,0
x7epn1bt,1,scbemadr,2,sticky_prices,SetPrice,1655321589,1,0,0
o2gdp9vh,2,rxqv5zcd,4,sticky_prices,Results,1655323995,1,0,0
o2gdp9vh,2,rxqv5zcd,7,sticky_prices,SetPrice,1655325261,2,0,0
o2gdp9vh,1,17u1v7eo,7,sticky_prices,SetPrice,1655326917,2,0,0
4kklwkee,1,xnrz82hi,0,,InitializeParticipant,1655327290,1,0,0
hr7d27z3,1,2beqd8dh,0,,InitializeParticipant,1655327432,1,0,0
hr7d27z3,1,2beqd8dh,1,sticky_prices,Introduction,1655327434,1,0,0
hr7d27z3,1,2beqd8dh,2,sticky_prices,SetPrice,1655327500,1,0,0
hr7d27z3,2,un04zhfn,0,,InitializeParticipant,1655327503,1,0,0
hr7d27z3,2,un04zhfn,1,sticky_prices,Introduction,1655327505,1,0,0
hr7d27z3,2,un04zhfn,2,sticky_prices,SetPrice,1655327524,1,0,0
hr7d27z3,1,2beqd8dh,3,sticky_prices,ResultsWaitPage,1655327524,1,0,1
hr7d27z3,2,un04zhfn,3,sticky_prices,ResultsWaitPage,1655327524,1,0,1
hr7d27z3,2,un04zhfn,4,sticky_prices,Results,1655327562,1,0,0
sh1gvb47,1,inij3hng,0,,InitializeParticipant,1655329189,1,0,0
sh1gvb47,1,inij3hng,2,sticky_prices,SetPrice,1655329270,1,0,0
sh1gvb47,2,gpc85314,0,,InitializeParticipant,1655329336,1,0,0
sh1gvb47,2,gpc85314,1,sticky_prices,Introduction,1655329338,1,0,0
sh1gvb47,2,gpc85314,2,sticky_prices,SetPrice,1655329419,1,0,0
sh1gvb47,1,inij3hng,3,sticky_prices,ResultsWaitPage,1655329419,1,0,1
sh1gvb47,2,gpc85314,3,sticky_prices,ResultsWaitPage,1655329419,1,0,1
sh1gvb47,1,inij3hng,4,sticky_prices,Results,1655329429,1,0,0
sh1gvb47,1,inij3hng,7,sticky_prices,SetPrice,1655329438,2,0,0
sh1gvb47,2,gpc85314,4,sticky_prices,Results,1655329439,1,0,0
sh1gvb47,2,gpc85314,7,sticky_prices,SetPrice,1655329445,2,0,0
sh1gvb47,1,inij3hng,8,sticky_prices,ResultsWaitPage,1655329445,2,0,1
sh1gvb47,2,gpc85314,8,sticky_prices,ResultsWaitPage,1655329445,2,0,1
sh1gvb47,2,gpc85314,9,sticky_prices,Results,1655329510,2,0,0
s8rslpe7,1,wuw2scz4,0,,InitializeParticipant,1655329514,1,0,0
s8rslpe7,1,wuw2scz4,1,sticky_prices,Introduction,1655329517,1,0,0
s8rslpe7,1,wuw2scz4,2,sticky_prices,SetPrice,1655329536,1,0,0
s8rslpe7,2,d5t2qpco,0,,InitializeParticipant,1655329554,1,0,0
eic0lfzg,1,wf1t91j7,0,,InitializeParticipant,1655332271,1,0,0
eic0lfzg,2,56n3laek,0,,InitializeParticipant,1655332273,1,0,0
eic0lfzg,1,wf1t91j7,1,sticky_prices,Introduction,1655332276,1,0,0
eic0lfzg,1,wf1t91j7,2,sticky_prices,SetPrice,1655332283,1,0,0
eic0lfzg,2,56n3laek,1,sticky_prices,Introduction,1655332286,1,0,0
eic0lfzg,2,56n3laek,2,sticky_prices,SetPrice,1655332290,1,0,0
eic0lfzg,1,wf1t91j7,3,sticky_prices,ResultsWaitPage,1655332290,1,0,1
eic0lfzg,2,56n3laek,3,sticky_prices,ResultsWaitPage,1655332290,1,0,1
eic0lfzg,2,56n3laek,4,sticky_prices,Results,1655332298,1,0,0
eic0lfzg,2,56n3laek,5,sticky_prices,PracticeFeedback,1655332300,1,0,0
eic0lfzg,1,wf1t91j7,4,sticky_prices,Results,1655332303,1,0,0
eic0lfzg,1,wf1t91j7,5,sticky_prices,PracticeFeedback,1655332304,1,0,0
eic0lfzg,1,wf1t91j7,8,sticky_prices,SetPrice,1655332332,2,0,0
eic0lfzg,2,56n3laek,8,sticky_prices,SetPrice,1655332336,2,0,0
eic0lfzg,1,wf1t91j7,9,sticky_prices,ResultsWaitPage,1655332336,2,0,1
eic0lfzg,2,56n3laek,9,sticky_prices,ResultsWaitPage,1655332336,2,0,1
eic0lfzg,2,56n3laek,10,sticky_prices,Results,1655332338,2,0,0
eic0lfzg,1,wf1t91j7,10,sticky_prices,Results,1655332339,2,0,0
osjo4zj2,1,8lbcskni,0,,InitializeParticipant,1655332429,1,0,0
93lyhzy5,1,5ex6x4b9,0,,InitializeParticipant,1655332654,1,0,0
93lyhzy5,1,5ex6x4b9,3,sticky_prices,ResultsWaitPage,1655332708,1,0,1
9o0muw5v,1,hif65mhm,0,,InitializeParticipant,1655333051,1,0,0
6j9745ni,1,2ca8b3jv,0,,InitializeParticipant,1655333517,1,0,0
6j9745ni,1,2ca8b3jv,1,sticky_prices,Introduction,1655333550,1,0,0
ykgesj6k,1,4v53l3a6,0,,InitializeParticipant,1655338227,1,0,0
ykgesj6k,2,oi27s5fp,0,,InitializeParticipant,1655338231,1,0,0
ykgesj6k,1,4v53l3a6,1,sticky_prices,Introduction,1655338235,1,0,0
ykgesj6k,1,4v53l3a6,2,sticky_prices,SetPrice,1655338311,1,0,0
ykgesj6k,2,oi27s5fp,1,sticky_prices,Introduction,1655338313,1,0,0
ykgesj6k,2,oi27s5fp,2,sticky_prices,SetPrice,1655338364,1,0,0
apeo1pk0,1,2kdrt2so,0,,InitializeParticipant,1655344494,1,0,0
apeo1pk0,1,2kdrt2so,1,sticky_prices,Introduction,1655344496,1,0,0
apeo1pk0,1,2kdrt2so,2,sticky_prices,SetPrice,1655346039,1,0,0
s2tfdbg2,1,wo3urmif,0,,InitializeParticipant,1655346144,1,0,0
s2tfdbg2,1,wo3urmif,1,sticky_prices,Introduction,1655346146,1,0,0
s2tfdbg2,1,wo3urmif,2,sticky_prices,SetPrice,1655346166,1,1,0
s2tfdbg2,2,6519ayhh,0,,InitializeParticipant,1655346168,1,0,0
s2tfdbg2,2,6519ayhh,1,sticky_prices,Introduction,1655346171,1,0,0
s2tfdbg2,2,6519ayhh,2,sticky_prices,SetPrice,1655346191,1,1,0
s2tfdbg2,1,wo3urmif,3,sticky_prices,ResultsWaitPage,1655346191,1,0,1
s2tfdbg2,2,6519ayhh,3,sticky_prices,ResultsWaitPage,1655346191,1,0,1
90iy6nh2,1,46110jkx,0,,InitializeParticipant,1655346406,1,0,0
90iy6nh2,2,2mtdos5l,4,sticky_prices,Results,1655346489,1,0,0
90iy6nh2,2,2mtdos5l,5,sticky_prices,PracticeFeedback,1655346492,1,0,0
90iy6nh2,1,46110jkx,4,sticky_prices,Results,1655346499,1,0,0
90iy6nh2,1,46110jkx,5,sticky_prices,PracticeFeedback,1655346500,1,0,0
90iy6nh2,1,46110jkx,8,sticky_prices,SetPrice,1655346508,2,0,0
90iy6nh2,2,2mtdos5l,8,sticky_prices,SetPrice,1655346512,2,1,0
90iy6nh2,1,46110jkx,9,sticky_prices,ResultsWaitPage,1655346512,2,0,1
90iy6nh2,2,2mtdos5l,9,sticky_prices,ResultsWaitPage,1655346512,2,0,1
in72ztpe,1,u5z88fhh,0,,InitializeParticipant,1655346529,1,0,0
in72ztpe,1,u5z88fhh,1,sticky_prices,Introduction,1655346531,1,0,0
in72ztpe,1,u5z88fhh,2,sticky_prices,SetPrice,1655346551,1,1,0
in72ztpe,2,lkb53chq,0,,InitializeParticipant,1655346581,1,0,0
in72ztpe,2,lkb53chq,1,sticky_prices,Introduction,1655346583,1,0,0
in72ztpe,2,lkb53chq,2,sticky_prices,SetPrice,1655346589,1,0,0
in72ztpe,1,u5z88fhh,3,sticky_prices,ResultsWaitPage,1655346589,1,0,1
in72ztpe,2,lkb53chq,3,sticky_prices,ResultsWaitPage,1655346589,1,0,1
in72ztpe,1,u5z88fhh,4,sticky_prices,Results,1655346597,1,0,0
in72ztpe,1,u5z88fhh,5,sticky_prices,PracticeFeedback,1655346602,1,0,0
in72ztpe,1,u5z88fhh,8,sticky_prices,SetPrice,1655346622,2,1,0
vnyw7mcd,1,ktj40gkc,0,,InitializeParticipant,1655346692,1,0,0
vnyw7mcd,1,ktj40gkc,1,sticky_prices,Introduction,1655346694,1,0,0
vnyw7mcd,1,ktj40gkc,2,sticky_prices,SetPrice,1655346714,1,1,0
vnyw7mcd,2,x2hqd3zh,0,,InitializeParticipant,1655346727,1,0,0
vnyw7mcd,2,x2hqd3zh,1,sticky_prices,Introduction,1655346730,1,0,0
vnyw7mcd,2,x2hqd3zh,2,sticky_prices,SetPrice,1655346733,1,0,0
vnyw7mcd,1,ktj40gkc,3,sticky_prices,ResultsWaitPage,1655346733,1,0,1
vnyw7mcd,2,x2hqd3zh,3,sticky_prices,ResultsWaitPage,1655346733,1,0,1
thavg8ms,1,p1lcxcx6,0,,InitializeParticipant,1655346924,1,0,0
thavg8ms,1,p1lcxcx6,1,sticky_prices,Introduction,1655346927,1,0,0
thavg8ms,1,p1lcxcx6,2,sticky_prices,SetPrice,1655346948,1,1,0
vnyw7mcd,2,x2hqd3zh,4,sticky_prices,Results,1655347187,1,0,0
vh4jue8o,1,mnvkf4ys,0,,InitializeParticipant,1655426965,1,0,0
zaqc0lej,1,ve1z9gm3,0,,InitializeParticipant,1655513919,1,0,0
1t65eylh,1,mlm7o8q1,0,,InitializeParticipant,1655515850,1,0,0
uetubs96,1,zah0b9q8,0,,InitializeParticipant,1655517000,1,0,0
uetubs96,1,zah0b9q8,1,sticky_prices,Introduction,1655517158,1,0,0
02x4v6tc,1,m7926wsl,0,,InitializeParticipant,1655519647,1,0,0
02x4v6tc,1,m7926wsl,2,sticky_prices,SetPrice,1655519797,1,0,0
02x4v6tc,2,ze9vo594,8,sticky_prices,SetPrice,1655519930,2,0,0
3uueosz2,1,gpggfk8v,0,,InitializeParticipant,1655572160,1,0,0
3uueosz2,1,gpggfk8v,1,sticky_prices,Introduction,1655572528,1,0,0
3uueosz2,2,k5aah87b,1,sticky_prices,Introduction,1655572582,1,0,0
7t8aq5zs,1,6iqeemfv,0,,InitializeParticipant,1656122463,1,0,0
7t8aq5zs,1,6iqeemfv,1,sticky_prices,Introduction,1656122667,1,0,0
7t8aq5zs,1,6iqeemfv,2,sticky_prices,SetPrice,1656123543,1,0,0
zz87kg4b,1,k76cwwei,14,sticky_prices,SetPrice,1656125402,3,1,0
zz87kg4b,1,k76cwwei,15,sticky_prices,ResultsWaitPage,1656125402,3,0,1
zz87kg4b,1,k76cwwei,16,sticky_prices,Results,1656125597,3,0,0
zz87kg4b,1,k76cwwei,20,sticky_prices,SetPrice,1656125619,4,0,0
zz87kg4b,1,k76cwwei,21,sticky_prices,ResultsWaitPage,1656125619,4,0,1
zz87kg4b,1,k76cwwei,22,sticky_prices,Results,1656125626,4,0,0
zz87kg4b,1,k76cwwei,26,sticky_prices,SetPrice,1656125925,5,0,0
zz87kg4b,1,k76cwwei,27,sticky_prices,ResultsWaitPage,1656125925,5,0,1
zz87kg4b,1,k76cwwei,28,sticky_prices,Results,1656126229,5,0,0
zz87kg4b,1,k76cwwei,32,sticky_prices,SetPrice,1656126258,6,0,0
zz87kg4b,1,k76cwwei,33,sticky_prices,ResultsWaitPage,1656126258,6,0,1
zz87kg4b,1,k76cwwei,34,sticky_prices,Results,1656126421,6,0,0
zz87kg4b,1,k76cwwei,38,sticky_prices,SetPrice,1656127830,7,0,0
zz87kg4b,1,k76cwwei,39,sticky_prices,ResultsWaitPage,1656127830,7,0,1
zz87kg4b,1,k76cwwei,40,sticky_prices,Results,1656127834,7,0,0
dsjb3a7w,1,c3bqysef,0,,InitializeParticipant,1656128304,1,0,0
dsjb3a7w,1,c3bqysef,1,sticky_prices,Introduction,1656128534,1,0,0
c4gfu0ts,1,z504h4qs,0,,InitializeParticipant,1656128732,1,0,0
c4gfu0ts,1,z504h4qs,1,sticky_prices,Introduction,1656128743,1,0,0
c4gfu0ts,1,z504h4qs,2,sticky_prices,SetPrice,1656128924,1,1,0
c4gfu0ts,1,z504h4qs,3,sticky_prices,ResultsWaitPage,1656128924,1,0,1
c4gfu0ts,1,z504h4qs,4,sticky_prices,Results,1656128961,1,0,0
c4gfu0ts,1,z504h4qs,5,sticky_prices,PracticeFeedback,1656128962,1,0,0
c4gfu0ts,1,z504h4qs,8,sticky_prices,SetPrice,1656129036,2,0,0
c4gfu0ts,1,z504h4qs,9,sticky_prices,ResultsWaitPage,1656129036,2,0,1
c4gfu0ts,1,z504h4qs,10,sticky_prices,Results,1656129040,2,0,0
c4gfu0ts,1,z504h4qs,14,sticky_prices,SetPrice,1656129045,3,0,0
c4gfu0ts,1,z504h4qs,15,sticky_prices,ResultsWaitPage,1656129045,3,0,1
c4gfu0ts,1,z504h4qs,16,sticky_prices,Results,1656129051,3,0,0
c4gfu0ts,1,z504h4qs,20,sticky_prices,SetPrice,1656129232,4,1,0
c4gfu0ts,1,z504h4qs,21,sticky_prices,ResultsWaitPage,1656129232,4,0,1
c4gfu0ts,1,z504h4qs,22,sticky_prices,Results,1656129289,4,0,0
c4gfu0ts,1,z504h4qs,26,sticky_prices,SetPrice,1656129471,5,1,0
c4gfu0ts,1,z504h4qs,27,sticky_prices,ResultsWaitPage,1656129471,5,0,1
c4gfu0ts,1,z504h4qs,28,sticky_prices,Results,1656129646,5,0,0
ybcdkako,1,fpa2alwv,0,,InitializeParticipant,1656176306,1,0,0
cq0v18a5,1,vl19pb7y,0,,InitializeParticipant,1656176320,1,0,0
vf69591l,1,6azu1txb,0,,InitializeParticipant,1656188444,1,0,0
vf69591l,1,6azu1txb,9,sticky_prices,ResultsWaitPage,1656188577,2,0,1
gltj9qop,1,2i88wlyo,0,,InitializeParticipant,1656195795,1,0,0
gltj9qop,1,2i88wlyo,1,sticky_prices,Introduction,1656195802,1,0,0
gltj9qop,1,2i88wlyo,2,sticky_prices,SetPrice,1656195983,1,1,0
gltj9qop,1,2i88wlyo,3,sticky_prices,ResultsWaitPage,1656195983,1,0,1
gltj9qop,1,2i88wlyo,4,sticky_prices,Results,1656197822,1,0,0
gltj9qop,1,2i88wlyo,5,sticky_prices,PracticeFeedback,1656197823,1,0,0
gltj9qop,1,2i88wlyo,8,sticky_prices,SetPrice,1656198004,2,1,0
gltj9qop,1,2i88wlyo,9,sticky_prices,ResultsWaitPage,1656198004,2,0,1
gltj9qop,1,2i88wlyo,10,sticky_prices,Results,1656198631,2,0,0
gltj9qop,1,2i88wlyo,14,sticky_prices,SetPrice,1656198811,3,1,0
gltj9qop,1,2i88wlyo,15,sticky_prices,ResultsWaitPage,1656198811,3,0,1
gltj9qop,1,2i88wlyo,16,sticky_prices,Results,1656199041,3,0,0
gltj9qop,1,2i88wlyo,20,sticky_prices,SetPrice,1656199222,4,1,0
gltj9qop,1,2i88wlyo,21,sticky_prices,ResultsWaitPage,1656199222,4,0,1
gltj9qop,1,2i88wlyo,22,sticky_prices,Results,1656199544,4,0,0
gltj9qop,1,2i88wlyo,26,sticky_prices,SetPrice,1656199725,5,1,0
gltj9qop,1,2i88wlyo,27,sticky_prices,ResultsWaitPage,1656199725,5,0,1
gltj9qop,1,2i88wlyo,28,sticky_prices,Results,1656199926,5,0,0
gltj9qop,1,2i88wlyo,32,sticky_prices,SetPrice,1656200106,6,1,0
gltj9qop,1,2i88wlyo,33,sticky_prices,ResultsWaitPage,1656200106,6,0,1
gltj9qop,1,2i88wlyo,34,sticky_prices,Results,1656201284,6,0,0
gltj9qop,1,2i88wlyo,38,sticky_prices,SetPrice,1656201464,7,1,0
gltj9qop,1,2i88wlyo,39,sticky_prices,ResultsWaitPage,1656201464,7,0,1
gltj9qop,1,2i88wlyo,40,sticky_prices,Results,1656201467,7,0,0
gltj9qop,1,2i88wlyo,44,sticky_prices,SetPrice,1656201647,8,1,0
gltj9qop,1,2i88wlyo,45,sticky_prices,ResultsWaitPage,1656201647,8,0,1
gltj9qop,1,2i88wlyo,46,sticky_prices,Results,1656203195,8,0,0
gltj9qop,1,2i88wlyo,50,sticky_prices,SetPrice,1656203375,9,1,0
gltj9qop,1,2i88wlyo,51,sticky_prices,ResultsWaitPage,1656203375,9,0,1
gltj9qop,1,2i88wlyo,52,sticky_prices,Results,1656203377,9,0,0
gltj9qop,1,2i88wlyo,56,sticky_prices,SetPrice,1656203558,10,1,0
gltj9qop,1,2i88wlyo,57,sticky_prices,ResultsWaitPage,1656203558,10,0,1
gltj9qop,1,2i88wlyo,58,sticky_prices,Results,1656203942,10,0,0
gltj9qop,1,2i88wlyo,62,sticky_prices,SetPrice,1656203971,11,0,0
gltj9qop,1,2i88wlyo,63,sticky_prices,ResultsWaitPage,1656203971,11,0,1
gltj9qop,1,2i88wlyo,64,sticky_prices,Results,1656203974,11,0,0
9rkgifee,1,3tg7p796,0,,InitializeParticipant,1656203986,1,0,0
9rkgifee,1,3tg7p796,1,sticky_prices,Introduction,1656203994,1,0,0
9rkgifee,1,3tg7p796,2,sticky_prices,SetPrice,1656204174,1,1,0
9rkgifee,1,3tg7p796,3,sticky_prices,ResultsWaitPage,1656204174,1,0,1
9rkgifee,1,3tg7p796,4,sticky_prices,Results,1656204178,1,0,0
9rkgifee,1,3tg7p796,5,sticky_prices,PracticeFeedback,1656204181,1,0,0
9rkgifee,1,3tg7p796,8,sticky_prices,SetPrice,1656204361,2,1,0
9rkgifee,1,3tg7p796,9,sticky_prices,ResultsWaitPage,1656204361,2,0,1
9rkgifee,1,3tg7p796,10,sticky_prices,Results,1656204379,2,0,0
9rkgifee,1,3tg7p796,14,sticky_prices,SetPrice,1656204559,3,1,0
9rkgifee,1,3tg7p796,15,sticky_prices,ResultsWaitPage,1656204559,3,0,1
9rkgifee,1,3tg7p796,16,sticky_prices,Results,1656204562,3,0,0
9rkgifee,1,3tg7p796,20,sticky_prices,SetPrice,1656204742,4,1,0
9rkgifee,1,3tg7p796,21,sticky_prices,ResultsWaitPage,1656204742,4,0,1
9rkgifee,1,3tg7p796,22,sticky_prices,Results,1656204752,4,0,0
9rkgifee,1,3tg7p796,26,sticky_prices,SetPrice,1656204933,5,1,0
9rkgifee,1,3tg7p796,28,sticky_prices,Results,1656215206,5,0,0
w246ywv1,1,hysyx1p7,0,,InitializeParticipant,1656215394,1,0,0
w246ywv1,1,hysyx1p7,1,sticky_prices,Introduction,1656215403,1,0,0
w246ywv1,1,hysyx1p7,2,sticky_prices,SetPrice,1656215428,1,0,0
w246ywv1,1,hysyx1p7,3,sticky_prices,ResultsWaitPage,1656215428,1,0,1
w246ywv1,1,hysyx1p7,4,sticky_prices,Results,1656215432,1,0,0
w246ywv1,1,hysyx1p7,5,sticky_prices,PracticeFeedback,1656215434,1,0,0
w246ywv1,1,hysyx1p7,8,sticky_prices,SetPrice,1656215615,2,1,0
w246ywv1,1,hysyx1p7,9,sticky_prices,ResultsWaitPage,1656215615,2,0,1
w246ywv1,1,hysyx1p7,10,sticky_prices,Results,1656215619,2,0,0
okt1ddfl,1,7l8jilhv,0,,InitializeParticipant,1656215629,1,0,0
okt1ddfl,1,7l8jilhv,1,sticky_prices,Introduction,1656215643,1,0,0
okt1ddfl,1,7l8jilhv,2,sticky_prices,SetPrice,1656215823,1,1,0
okt1ddfl,1,7l8jilhv,4,sticky_prices,Results,1656216274,1,0,0
2osi5h5p,1,s138jtdl,0,,InitializeParticipant,1656217191,1,0,0
2osi5h5p,1,s138jtdl,2,sticky_prices,SetPrice,1656217277,1,0,0
2osi5h5p,1,s138jtdl,3,sticky_prices,ResultsWaitPage,1656217277,1,0,1
2osi5h5p,1,s138jtdl,4,sticky_prices,Results,1656217281,1,0,0
2osi5h5p,1,s138jtdl,5,sticky_prices,PracticeFeedback,1656217282,1,0,0
2osi5h5p,1,s138jtdl,8,sticky_prices,SetPrice,1656217288,2,0,0
2osi5h5p,1,s138jtdl,9,sticky_prices,ResultsWaitPage,1656217288,2,0,1
2osi5h5p,1,s138jtdl,10,sticky_prices,Results,1656217478,2,0,0
2osi5h5p,1,s138jtdl,22,sticky_prices,Results,1656217833,4,0,0
2osi5h5p,1,s138jtdl,26,sticky_prices,SetPrice,1656217843,5,0,0
2osi5h5p,1,s138jtdl,27,sticky_prices,ResultsWaitPage,1656217843,5,0,1
2osi5h5p,1,s138jtdl,28,sticky_prices,Results,1656217847,5,0,0
2osi5h5p,1,s138jtdl,32,sticky_prices,SetPrice,1656218028,6,1,0
2osi5h5p,1,s138jtdl,34,sticky_prices,Results,1656218103,6,0,0
2osi5h5p,1,s138jtdl,38,sticky_prices,SetPrice,1656218283,7,1,0
kago9n3y,1,yx4fh8gl,0,,InitializeParticipant,1656223915,1,0,0
kago9n3y,1,yx4fh8gl,1,sticky_prices,Introduction,1656223976,1,0,0
kago9n3y,1,yx4fh8gl,2,sticky_prices,SetPrice,1656224008,1,0,0
kago9n3y,1,yx4fh8gl,3,sticky_prices,ResultsWaitPage,1656224008,1,0,1
kago9n3y,1,yx4fh8gl,4,sticky_prices,Results,1656224013,1,0,0
kago9n3y,1,yx4fh8gl,5,sticky_prices,PracticeFeedback,1656224014,1,0,0
kago9n3y,1,yx4fh8gl,8,sticky_prices,SetPrice,1656224031,2,0,0
kago9n3y,1,yx4fh8gl,9,sticky_prices,ResultsWaitPage,1656224031,2,0,1
kago9n3y,1,yx4fh8gl,10,sticky_prices,Results,1656224078,2,0,0
kago9n3y,1,yx4fh8gl,14,sticky_prices,SetPrice,1656224259,3,1,0
kago9n3y,1,yx4fh8gl,15,sticky_prices,ResultsWaitPage,1656224259,3,0,1
udf3pp7j,1,3r8vu133,0,,InitializeParticipant,1656225963,1,0,0
udf3pp7j,1,3r8vu133,1,sticky_prices,Introduction,1656225980,1,0,0
udf3pp7j,1,3r8vu133,2,sticky_prices,SetPrice,1656225990,1,0,0
udf3pp7j,1,3r8vu133,3,sticky_prices,ResultsWaitPage,1656225990,1,0,1
udf3pp7j,1,3r8vu133,4,sticky_prices,Results,1656225991,1,0,0
udf3pp7j,1,3r8vu133,5,sticky_prices,PracticeFeedback,1656225993,1,0,0
udf3pp7j,1,3r8vu133,8,sticky_prices,SetPrice,1656226173,2,1,0
udf3pp7j,1,3r8vu133,9,sticky_prices,ResultsWaitPage,1656226173,2,0,1
udf3pp7j,1,3r8vu133,10,sticky_prices,Results,1656226218,2,0,0
udf3pp7j,1,3r8vu133,14,sticky_prices,SetPrice,1656226225,3,0,0
udf3pp7j,1,3r8vu133,15,sticky_prices,ResultsWaitPage,1656226225,3,0,1
